<?xml version="1.0" encoding="UTF-8" standalone="yes"?>
<addon id="plugin.video.famflix" name="Everett42" version="1.0A" provider-name="Everett42">
    <extension point="xbmc.addon.repository" name="Example Repository">
        <dir>
            <info compressed="false">https://raw.githubusercontent.com/Everett42/Everett42.github.io/master/repo/zips/addons.xml</info>
            <checksum>https://raw.githubusercontent.com/Everett42/Everett42.github.io/master/repo/zips/addons.xml.md5</checksum>
            <datadir zip="true">https://raw.githubusercontent.com/Everett42/Everett42.github.io/master/repo/zips/</datadir>
        </dir>
    </extension>
    <extension point="xbmc.addon.metadata">
        <summary>FamFlix</summary>
        <description>Shout-out to my girl Adi, without whom I would be lost.</description>
        <disclaimer></disclaimer>
        <platform>all</platform>
        <assets>
            <icon>icon.png</icon>
            <fanart>fanart.jpg</fanart>
        </assets>
    </extension>
</addon>